დასახელება;ფასი
Xiaomi Smart Knife Sterilization;299.0₾
QCOOKER Ice Cream Machine;499.0₾
Roborock S6 MaxV;2, 299.0₾
HIMO L2 Scooter;1, 299.0₾
WalkingPad C2;1, 399.0₾
Xiaomi Router AX3200;249.0₾
Xiaomi Mesh System AX3000 (1-pack);299.0₾
Mi Body Composition Scale 2;89.0₾
Mi Electric Scooter 1S;1, 649.0₾
Mi Router 4C;49.0₾
Mi Smart Plug (Wi-Fi);99.0₾
Viomi Robot Vacuum Cleaner S9;1, 999.0₾
Xiaomi Automatic Induction Hand Wash Dispencer;149.0₾
Smartmi Evaporative Humidifier 2;399.0₾
Mi Bebird D3 Pro Ear Stick;249.0₾
Viomi Vacuum Cleaner Robot V3;1, 749.0₾
Xiaomi Smart Knife Sterilization;299.0₾
QCOOKER Ice Cream Machine;499.0₾
Roborock S6 MaxV;2, 299.0₾
HIMO L2 Scooter;1, 299.0₾
WalkingPad C2;1, 399.0₾
Xiaomi Router AX3200;249.0₾
Xiaomi Mesh System AX3000 (1-pack);299.0₾
Mi Body Composition Scale 2;89.0₾
Mi Electric Scooter 1S;1, 649.0₾
Mi Router 4C;49.0₾
Mi Smart Plug (Wi-Fi);99.0₾
Viomi Robot Vacuum Cleaner S9;1, 999.0₾
Xiaomi Automatic Induction Hand Wash Dispencer;149.0₾
Smartmi Evaporative Humidifier 2;399.0₾
Mi Bebird D3 Pro Ear Stick;249.0₾
Viomi Vacuum Cleaner Robot V3;1, 749.0₾
Xiaomi Smart Knife Sterilization;299.0₾
QCOOKER Ice Cream Machine;499.0₾
Roborock S6 MaxV;2, 299.0₾
HIMO L2 Scooter;1, 299.0₾
WalkingPad C2;1, 399.0₾
Xiaomi Router AX3200;249.0₾
Xiaomi Mesh System AX3000 (1-pack);299.0₾
Mi Body Composition Scale 2;89.0₾
Mi Electric Scooter 1S;1, 649.0₾
Mi Router 4C;49.0₾
Mi Smart Plug (Wi-Fi);99.0₾
Viomi Robot Vacuum Cleaner S9;1, 999.0₾
Xiaomi Automatic Induction Hand Wash Dispencer;149.0₾
Smartmi Evaporative Humidifier 2;399.0₾
Mi Bebird D3 Pro Ear Stick;249.0₾
Viomi Vacuum Cleaner Robot V3;1, 749.0₾
Xiaomi Smart Knife Sterilization;299.0₾
QCOOKER Ice Cream Machine;499.0₾
Roborock S6 MaxV;2, 299.0₾
HIMO L2 Scooter;1, 299.0₾
WalkingPad C2;1, 399.0₾
Xiaomi Router AX3200;249.0₾
Xiaomi Mesh System AX3000 (1-pack);299.0₾
Mi Body Composition Scale 2;89.0₾
Mi Electric Scooter 1S;1, 649.0₾
Mi Router 4C;49.0₾
Mi Smart Plug (Wi-Fi);99.0₾
Viomi Robot Vacuum Cleaner S9;1, 999.0₾
Xiaomi Automatic Induction Hand Wash Dispencer;149.0₾
Smartmi Evaporative Humidifier 2;399.0₾
Mi Bebird D3 Pro Ear Stick;249.0₾
Viomi Vacuum Cleaner Robot V3;1, 749.0₾
Xiaomi Smart Knife Sterilization;299.0₾
QCOOKER Ice Cream Machine;499.0₾
Roborock S6 MaxV;2, 299.0₾
HIMO L2 Scooter;1, 299.0₾
WalkingPad C2;1, 399.0₾
Xiaomi Router AX3200;249.0₾
Xiaomi Mesh System AX3000 (1-pack);299.0₾
Mi Body Composition Scale 2;89.0₾
Mi Electric Scooter 1S;1, 649.0₾
Mi Router 4C;49.0₾
Mi Smart Plug (Wi-Fi);99.0₾
Viomi Robot Vacuum Cleaner S9;1, 999.0₾
Xiaomi Automatic Induction Hand Wash Dispencer;149.0₾
Smartmi Evaporative Humidifier 2;399.0₾
Mi Bebird D3 Pro Ear Stick;249.0₾
Viomi Vacuum Cleaner Robot V3;1, 749.0₾
